order_id,user_id,session_id,product_id,order_time,amount,status
1,100007,S100007_1,2016,2026-05-20 06:18:51,143.32,paid
2,100013,S100013_2,2030,2026-05-01 17:56:34,168.18,paid
3,100015,S100015_1,2050,2026-05-05 21:31:59,181.2,paid
4,100032,S100032_3,2043,2026-05-20 05:09:24,178.67,paid
5,100035,S100035_1,2030,2026-05-30 16:07:34,242.41,paid
6,100047,S100047_2,2009,2026-05-12 21:51:15,168.44,paid
7,100048,S100048_1,2024,2026-05-14 17:18:30,100.66,paid
8,100049,S100049_1,2038,2026-05-05 19:56:14,195.34,paid
9,100049,S100049_2,2048,2026-05-16 14:25:22,208.68,paid
10,100053,S100053_3,2044,2026-05-24 15:37:26,156.2,paid
11,100056,S100056_3,2017,2026-05-31 10:49:32,120.62,paid
12,100068,S100068_2,2015,2026-05-31 10:41:16,110.24,paid
13,100071,S100071_2,2033,2026-05-17 05:27:46,197.07,paid
14,100071,S100071_3,2047,2026-05-18 09:23:18,147.91,paid
15,100078,S100078_3,2019,2026-05-09 12:07:36,162.69,paid
16,100081,S100081_1,2038,2026-05-08 21:48:04,170.09,paid
17,100081,S100081_3,2047,2026-05-31 01:01:55,169.3,paid
18,100084,S100084_3,2040,2026-05-24 23:18:42,67.86,paid
19,100086,S100086_1,2041,2026-05-17 21:23:21,221.97,paid
20,100087,S100087_2,2025,2026-05-25 22:53:16,152.42,paid
21,100109,S100109_1,2042,2026-05-18 03:15:52,175.47,paid
22,100115,S100115_1,2038,2026-05-20 04:00:35,227.24,paid
23,100128,S100128_3,2041,2026-05-06 19:23:58,153.61,paid
24,100130,S100130_2,2030,2026-05-13 16:54:45,111.2,paid
25,100139,S100139_1,2007,2026-05-03 11:14:01,176.68,paid
26,100141,S100141_3,2046,2026-05-04 19:23:45,149.64,paid
27,100141,S100141_4,2012,2026-05-24 09:10:34,157.59,paid
28,100143,S100143_1,2038,2026-05-13 02:16:11,129.4,paid
29,100154,S100154_4,2013,2026-05-12 08:54:32,138.79,paid
30,100159,S100159_1,2022,2026-05-22 22:27:58,157.72,paid
31,100162,S100162_2,2044,2026-05-07 17:59:18,149.6,paid
32,100170,S100170_1,2033,2026-05-13 15:46:07,164.23,paid
33,100176,S100176_1,2012,2026-05-17 19:42:01,191.61,paid
34,100183,S100183_2,2036,2026-05-12 13:57:57,214.97,paid
35,100197,S100197_1,2047,2026-05-11 20:02:02,185.67,paid
36,100201,S100201_1,2019,2026-05-01 10:59:35,226.29,paid
37,100217,S100217_1,2014,2026-05-23 02:55:47,121.94,paid
38,100219,S100219_5,2024,2026-05-25 22:00:29,232.9,paid
39,100228,S100228_5,2021,2026-05-05 13:32:05,145.15,paid
40,100232,S100232_5,2009,2026-05-28 03:43:30,175.69,paid
41,100233,S100233_2,2011,2026-05-01 03:14:35,216.57,paid
42,100241,S100241_1,2025,2026-05-05 13:11:29,85.28,paid
43,100249,S100249_3,2035,2026-05-05 00:50:21,188.25,paid
44,100260,S100260_2,2019,2026-05-13 09:54:37,95.43,paid
45,100275,S100275_3,2029,2026-05-02 22:14:24,144.09,paid
46,100277,S100277_5,2009,2026-05-11 18:45:12,223.49,paid
47,100283,S100283_2,2001,2026-05-31 16:43:49,159.48,paid
48,100286,S100286_3,2007,2026-05-14 00:31:35,202.76,paid
49,100290,S100290_2,2007,2026-05-18 21:11:19,120.55,paid
50,100306,S100306_1,2044,2026-05-08 01:25:19,166.39,paid
51,100314,S100314_2,2045,2026-05-27 02:56:43,121.76,paid
52,100316,S100316_3,2012,2026-05-22 13:46:23,188.73,paid
53,100318,S100318_3,2003,2026-05-08 02:30:01,148.25,paid
54,100323,S100323_1,2047,2026-05-13 14:03:27,172.64,paid
55,100330,S100330_2,2017,2026-05-25 04:00:22,234.37,paid
56,100338,S100338_1,2028,2026-05-18 07:59:46,138.59,paid
57,100344,S100344_1,2015,2026-05-05 02:09:29,172.17,paid
58,100345,S100345_2,2050,2026-05-21 09:16:20,126.28,paid
59,100355,S100355_1,2034,2026-05-29 20:46:28,194.34,paid
60,100372,S100372_3,2026,2026-05-23 12:01:50,215.97,paid
61,100373,S100373_1,2044,2026-05-14 05:01:51,150.36,paid
62,100375,S100375_1,2041,2026-05-21 05:51:53,212.73,paid
63,100378,S100378_1,2015,2026-05-23 16:38:15,203.75,paid
64,100378,S100378_2,2033,2026-05-29 11:17:31,210.64,paid
65,100379,S100379_1,2011,2026-05-30 21:05:21,90.83,paid
66,100381,S100381_1,2004,2026-05-19 20:05:16,178.73,paid
67,100384,S100384_2,2036,2026-05-01 01:52:02,174.33,paid
68,100396,S100396_1,2040,2026-05-01 12:50:20,124.63,paid
69,100397,S100397_1,2038,2026-05-13 07:40:32,116.56,paid
70,100398,S100398_2,2003,2026-05-21 01:09:30,93.15,paid
71,100403,S100403_2,2039,2026-05-05 01:02:52,135.3,paid
72,100405,S100405_1,2008,2026-05-28 21:31:12,132.71,paid
73,100411,S100411_2,2031,2026-05-14 18:42:56,147.38,paid
74,100415,S100415_1,2009,2026-05-10 18:05:51,202.57,paid
75,100422,S100422_3,2050,2026-05-09 02:37:28,206.96,paid
76,100423,S100423_1,2029,2026-05-27 23:10:45,182.59,paid
77,100425,S100425_2,2016,2026-05-23 08:08:47,182.38,paid
78,100426,S100426_2,2012,2026-05-06 04:36:36,200.06,paid
79,100433,S100433_1,2048,2026-05-25 19:30:56,179.87,paid
80,100434,S100434_3,2020,2026-05-17 12:41:48,121.06,paid
81,100440,S100440_1,2014,2026-05-04 13:22:23,241.63,paid
82,100444,S100444_2,2013,2026-05-21 02:15:39,153.84,paid
83,100448,S100448_1,2048,2026-05-27 19:36:30,206.58,paid
84,100453,S100453_1,2018,2026-05-08 17:23:51,189.26,paid
85,100454,S100454_2,2004,2026-05-02 14:07:08,200.68,paid
86,100459,S100459_3,2031,2026-05-23 09:14:55,103.85,paid
87,100466,S100466_2,2030,2026-05-05 20:08:05,110.81,paid
88,100467,S100467_2,2015,2026-05-16 00:59:21,122.36,paid
89,100468,S100468_4,2049,2026-05-19 09:10:12,179.79,paid
90,100471,S100471_2,2046,2026-05-27 17:29:26,144.73,paid
91,100477,S100477_2,2037,2026-05-06 14:30:45,250.63,paid
92,100483,S100483_1,2033,2026-05-08 20:07:30,204.44,paid
93,100485,S100485_1,2020,2026-05-15 00:57:05,113.88,paid
94,100493,S100493_4,2040,2026-05-05 04:28:26,120.81,paid
95,100494,S100494_2,2029,2026-05-30 07:15:53,129.91,paid
96,100497,S100497_1,2009,2026-05-26 10:20:12,184.9,paid
97,100497,S100497_3,2043,2026-05-17 17:00:01,161.03,paid
98,100501,S100501_3,2036,2026-05-24 15:45:31,131.34,paid
99,100505,S100505_1,2025,2026-05-09 13:33:07,135.7,paid
100,100511,S100511_1,2019,2026-05-16 11:22:18,136.78,paid
101,100518,S100518_1,2023,2026-05-01 15:10:40,216.43,paid
102,100518,S100518_2,2038,2026-05-17 02:45:18,136.81,paid
103,100524,S100524_1,2048,2026-05-27 22:02:02,128.33,paid
104,100525,S100525_1,2006,2026-05-28 11:40:10,144.19,paid
105,100532,S100532_2,2032,2026-05-02 15:34:01,111.33,paid
106,100535,S100535_3,2002,2026-05-24 18:42:44,173.18,paid
107,100542,S100542_3,2038,2026-05-29 00:09:54,121.03,paid
108,100545,S100545_2,2029,2026-05-25 05:57:07,147.59,paid
109,100548,S100548_5,2026,2026-05-27 03:00:44,143.17,paid
110,100552,S100552_1,2010,2026-05-18 23:03:42,191.8,paid
111,100559,S100559_1,2013,2026-05-10 16:09:41,218.32,paid
112,100565,S100565_1,2025,2026-05-28 09:16:20,116.21,paid
113,100567,S100567_1,2009,2026-05-10 18:56:12,96.67,paid
114,100585,S100585_2,2037,2026-05-19 08:24:38,136.33,paid
115,100588,S100588_4,2024,2026-05-30 10:51:41,199.41,paid
116,100597,S100597_2,2015,2026-05-23 05:47:12,187.3,paid
117,100602,S100602_1,2006,2026-05-27 19:28:45,169.82,paid
118,100603,S100603_1,2027,2026-05-19 16:25:03,162.45,paid
119,100613,S100613_1,2040,2026-05-25 09:03:21,234.29,paid
120,100616,S100616_2,2002,2026-05-18 16:12:20,204.96,paid
121,100626,S100626_3,2028,2026-05-10 23:02:11,146.61,paid
122,100626,S100626_4,2004,2026-05-27 15:09:42,214.0,paid
123,100650,S100650_1,2008,2026-05-30 16:04:53,164.86,paid
124,100651,S100651_1,2007,2026-05-23 10:59:59,126.8,paid
125,100658,S100658_2,2030,2026-05-17 07:15:52,224.98,paid
126,100658,S100658_3,2039,2026-05-06 09:30:41,172.82,paid
127,100659,S100659_4,2032,2026-05-18 06:26:18,172.27,paid
128,100660,S100660_2,2010,2026-05-22 07:09:05,205.88,paid
129,100662,S100662_1,2037,2026-05-12 04:25:53,135.03,paid
130,100665,S100665_1,2003,2026-05-19 08:37:52,211.18,paid
131,100670,S100670_2,2049,2026-05-19 16:13:38,115.54,paid
132,100675,S100675_2,2039,2026-05-12 18:27:44,142.53,paid
133,100675,S100675_3,2019,2026-05-13 19:54:59,239.25,paid
134,100676,S100676_2,2036,2026-05-18 02:35:33,231.04,paid
135,100679,S100679_3,2007,2026-05-24 22:00:08,121.55,paid
136,100681,S100681_4,2047,2026-05-25 09:33:12,107.96,paid
137,100684,S100684_1,2050,2026-05-29 01:07:22,195.99,paid
138,100689,S100689_1,2021,2026-05-19 13:38:24,189.42,paid
139,100692,S100692_2,2039,2026-05-02 22:42:11,156.39,paid
140,100693,S100693_2,2028,2026-05-15 21:54:52,166.51,paid
141,100706,S100706_3,2029,2026-05-04 08:21:38,216.46,paid
142,100708,S100708_3,2022,2026-05-12 02:49:12,187.48,paid
143,100714,S100714_2,2029,2026-05-08 10:49:04,153.52,paid
144,100724,S100724_1,2020,2026-05-01 11:16:29,161.51,paid
145,100726,S100726_1,2006,2026-05-29 03:53:08,119.01,paid
146,100726,S100726_3,2045,2026-05-21 21:15:31,134.89,paid
147,100729,S100729_1,2002,2026-05-01 19:03:14,122.08,paid
148,100730,S100730_4,2011,2026-05-06 04:39:11,111.98,paid
149,100737,S100737_1,2016,2026-05-22 12:11:25,189.95,paid
150,100741,S100741_2,2020,2026-05-22 23:43:09,193.69,paid
151,100743,S100743_3,2029,2026-05-08 07:19:39,119.63,paid
152,100743,S100743_4,2049,2026-05-02 11:22:07,269.75,paid
153,100744,S100744_3,2048,2026-05-27 19:32:36,198.5,paid
154,100749,S100749_2,2022,2026-05-24 15:54:25,171.49,paid
155,100750,S100750_1,2012,2026-05-21 12:34:35,190.96,paid
156,100756,S100756_3,2043,2026-05-11 21:30:05,228.62,paid
157,100759,S100759_4,2032,2026-05-09 04:08:47,163.81,paid
158,100769,S100769_5,2028,2026-05-03 07:55:12,173.1,paid
159,100772,S100772_3,2008,2026-05-31 03:43:38,152.54,paid
160,100783,S100783_1,2009,2026-05-21 02:06:52,171.94,paid
161,100785,S100785_4,2005,2026-05-01 23:45:00,132.26,paid
162,100788,S100788_1,2020,2026-05-22 16:28:11,112.26,paid
163,100790,S100790_2,2021,2026-05-11 06:00:32,190.61,paid
164,100799,S100799_2,2002,2026-05-07 21:03:20,136.18,paid
165,100802,S100802_1,2004,2026-05-01 03:46:02,214.98,paid
166,100805,S100805_1,2014,2026-05-28 18:55:19,211.06,paid
167,100806,S100806_1,2040,2026-05-04 06:08:21,98.5,paid
168,100806,S100806_2,2005,2026-05-02 09:49:23,120.55,paid
169,100815,S100815_2,2007,2026-05-13 18:04:11,114.14,paid
170,100821,S100821_1,2023,2026-05-25 22:54:04,277.53,paid
171,100822,S100822_1,2013,2026-05-10 09:24:16,155.35,paid
172,100842,S100842_2,2017,2026-05-23 16:38:15,197.23,paid
173,100846,S100846_5,2004,2026-05-04 23:54:36,132.98,paid
174,100848,S100848_1,2024,2026-05-08 22:39:25,150.55,paid
175,100849,S100849_1,2004,2026-05-10 18:19:31,137.48,paid
176,100852,S100852_2,2050,2026-05-02 02:20:51,213.46,paid
177,100857,S100857_3,2007,2026-05-18 21:47:18,152.78,paid
178,100872,S100872_1,2023,2026-05-25 08:55:28,180.45,paid
179,100873,S100873_1,2019,2026-05-15 21:36:06,203.45,paid
180,100875,S100875_2,2024,2026-05-30 02:39:21,186.07,paid
181,100880,S100880_4,2028,2026-05-31 11:42:47,200.72,paid
182,100881,S100881_2,2046,2026-05-07 04:50:35,88.02,paid
183,100882,S100882_5,2039,2026-05-30 13:24:17,211.98,paid
184,100896,S100896_1,2019,2026-05-16 04:30:26,178.85,paid
185,100899,S100899_1,2002,2026-05-28 19:50:10,205.75,paid
186,100905,S100905_3,2009,2026-05-16 01:30:34,126.36,paid
187,100905,S100905_4,2001,2026-05-03 17:41:48,162.97,paid
188,100909,S100909_2,2010,2026-05-10 03:33:14,235.9,paid
189,100920,S100920_4,2006,2026-05-14 06:07:54,170.23,paid
190,100928,S100928_1,2043,2026-05-10 07:36:36,113.03,paid
191,100928,S100928_4,2044,2026-05-19 01:43:01,99.66,paid
192,100933,S100933_1,2025,2026-05-07 07:49:17,103.89,paid
193,100937,S100937_1,2019,2026-05-14 23:26:21,105.97,paid
194,100940,S100940_1,2027,2026-05-07 07:08:20,221.48,paid
195,100953,S100953_2,2049,2026-05-09 23:40:38,143.59,paid
196,100955,S100955_2,2042,2026-05-24 17:53:20,188.44,paid
197,100957,S100957_1,2041,2026-05-16 23:54:00,157.7,paid
198,100960,S100960_1,2007,2026-05-27 02:15:44,256.2,paid
199,100967,S100967_1,2029,2026-05-10 11:02:18,55.19,paid
200,100973,S100973_3,2006,2026-05-07 09:22:32,157.23,paid
201,100979,S100979_2,2023,2026-05-19 20:00:17,195.62,paid
202,100995,S100995_2,2043,2026-05-06 07:47:48,236.96,paid
203,101005,S101005_2,2019,2026-05-13 12:54:52,195.99,paid
204,101008,S101008_2,2013,2026-05-17 18:17:55,171.63,paid
205,101016,S101016_2,2033,2026-05-02 16:24:33,166.72,paid
206,101016,S101016_5,2022,2026-05-11 11:21:15,77.35,paid
207,101026,S101026_1,2012,2026-05-18 14:40:36,180.32,paid
208,101031,S101031_5,2035,2026-05-07 20:25:43,172.46,paid
209,101035,S101035_4,2030,2026-05-23 03:33:12,169.94,paid
210,101042,S101042_1,2028,2026-05-04 19:00:12,222.69,paid
211,101043,S101043_1,2018,2026-05-05 12:29:16,104.38,paid
212,101044,S101044_3,2032,2026-05-14 20:19:22,102.22,paid
213,101052,S101052_4,2022,2026-05-29 21:06:59,133.72,paid
214,101056,S101056_2,2045,2026-05-01 18:10:02,214.26,paid
215,101056,S101056_3,2048,2026-05-23 22:26:32,127.59,paid
216,101060,S101060_1,2009,2026-05-13 12:46:48,187.09,paid
217,101065,S101065_3,2022,2026-05-04 23:10:02,119.62,paid
218,101066,S101066_1,2007,2026-05-08 15:55:07,170.22,paid
219,101073,S101073_2,2030,2026-05-09 00:01:22,141.4,paid
220,101092,S101092_1,2038,2026-05-14 17:28:53,177.74,paid
221,101095,S101095_1,2022,2026-05-23 10:04:24,153.43,paid
222,101101,S101101_1,2023,2026-05-22 10:56:02,97.13,paid
223,101106,S101106_2,2037,2026-05-22 10:55:47,238.13,paid
224,101107,S101107_5,2047,2026-05-10 09:28:02,113.28,paid
225,101108,S101108_2,2015,2026-05-08 19:03:38,144.55,paid
226,101108,S101108_3,2009,2026-05-21 23:33:16,140.32,paid
227,101115,S101115_2,2037,2026-05-03 10:03:07,165.29,paid
228,101133,S101133_1,2042,2026-05-28 08:48:31,194.06,paid
229,101143,S101143_1,2033,2026-05-07 13:27:13,125.1,paid
230,101148,S101148_3,2013,2026-05-20 10:47:41,185.72,paid
231,101151,S101151_1,2044,2026-05-15 12:05:09,204.14,paid
232,101152,S101152_1,2026,2026-05-18 05:03:11,230.48,paid
233,101154,S101154_1,2034,2026-05-29 01:58:44,108.69,paid
234,101155,S101155_1,2035,2026-05-19 04:25:38,75.99,paid
235,101162,S101162_2,2007,2026-05-14 23:50:00,160.38,paid
236,101168,S101168_1,2021,2026-05-22 23:53:45,137.51,paid
237,101181,S101181_1,2037,2026-05-27 23:44:56,190.71,paid
238,101190,S101190_2,2011,2026-05-31 11:05:11,116.8,paid
239,101193,S101193_1,2031,2026-05-20 22:23:37,171.08,paid
240,101211,S101211_1,2018,2026-05-31 02:42:12,188.59,paid
241,101222,S101222_2,2012,2026-05-09 14:22:00,154.56,paid
242,101223,S101223_4,2032,2026-05-15 06:41:38,198.61,paid
243,101223,S101223_5,2025,2026-05-16 14:08:03,133.25,paid
244,101225,S101225_2,2006,2026-05-04 01:00:39,159.94,paid
245,101226,S101226_1,2038,2026-05-05 23:04:25,158.26,paid
246,101229,S101229_4,2040,2026-05-27 14:39:30,79.42,paid
247,101231,S101231_1,2017,2026-05-23 09:06:23,132.12,paid
248,101235,S101235_3,2017,2026-05-19 08:43:23,197.14,paid
249,101246,S101246_1,2034,2026-05-12 03:13:42,157.88,paid
250,101248,S101248_1,2045,2026-05-13 20:46:18,239.44,paid
251,101256,S101256_2,2033,2026-05-27 01:29:58,249.39,paid
252,101265,S101265_3,2040,2026-05-10 10:17:01,185.85,paid
253,101270,S101270_3,2015,2026-05-19 06:16:18,149.87,paid
254,101280,S101280_3,2038,2026-05-09 12:40:41,174.32,paid
255,101281,S101281_3,2008,2026-05-21 13:59:21,262.58,paid
256,101284,S101284_1,2012,2026-05-30 05:46:51,151.04,paid
257,101291,S101291_3,2027,2026-05-29 09:29:39,149.98,paid
258,101293,S101293_1,2030,2026-05-07 08:16:12,91.86,paid
259,101307,S101307_2,2014,2026-05-24 09:12:54,169.61,paid
260,101309,S101309_3,2049,2026-05-16 14:35:17,218.68,paid
261,101309,S101309_4,2012,2026-05-31 08:18:15,207.24,paid
262,101311,S101311_5,2011,2026-05-11 09:29:49,223.9,paid
263,101321,S101321_3,2009,2026-05-15 00:15:37,105.03,paid
264,101323,S101323_1,2010,2026-05-31 17:29:12,175.63,paid
265,101331,S101331_1,2016,2026-05-18 07:00:36,190.81,paid
266,101338,S101338_4,2023,2026-05-11 06:42:43,158.7,paid
267,101345,S101345_4,2020,2026-05-04 12:44:39,191.14,paid
268,101358,S101358_1,2007,2026-05-03 23:25:48,148.86,paid
269,101363,S101363_4,2009,2026-05-05 15:14:34,212.58,paid
270,101365,S101365_2,2008,2026-05-06 14:07:23,202.41,paid
271,101378,S101378_1,2033,2026-05-22 10:08:39,194.57,paid
272,101384,S101384_2,2004,2026-05-26 18:29:15,145.79,paid
273,101389,S101389_1,2017,2026-05-03 06:54:42,159.45,paid
274,101394,S101394_2,2016,2026-05-10 19:03:29,132.98,paid
275,101395,S101395_1,2026,2026-05-22 11:07:05,123.0,paid
276,101395,S101395_2,2030,2026-05-05 12:43:57,230.3,paid
277,101415,S101415_1,2043,2026-05-22 18:27:44,217.58,paid
278,101416,S101416_2,2040,2026-05-31 01:36:07,254.38,paid
279,101418,S101418_3,2029,2026-05-23 00:43:47,217.14,paid
280,101422,S101422_1,2024,2026-05-15 02:57:53,170.76,paid
281,101424,S101424_1,2005,2026-05-03 05:28:28,156.69,paid
282,101427,S101427_2,2021,2026-05-04 01:28:15,179.83,paid
283,101432,S101432_1,2049,2026-05-08 09:03:48,207.45,paid
284,101438,S101438_3,2001,2026-05-11 00:05:25,136.26,paid
285,101445,S101445_1,2043,2026-05-10 20:53:50,255.53,paid
286,101463,S101463_1,2037,2026-05-27 08:55:48,185.47,paid
287,101467,S101467_2,2022,2026-05-16 12:33:47,179.66,paid
288,101473,S101473_2,2010,2026-05-30 07:54:14,177.52,paid
289,101480,S101480_1,2001,2026-05-29 23:30:13,178.35,paid
290,101481,S101481_1,2021,2026-05-03 05:27:23,153.18,paid
291,101481,S101481_2,2010,2026-05-04 18:05:42,146.45,paid
292,101492,S101492_1,2041,2026-05-06 11:45:53,210.5,paid
293,101497,S101497_1,2005,2026-05-24 14:35:33,107.45,paid
294,101497,S101497_4,2037,2026-05-05 00:05:22,168.06,paid
295,101503,S101503_2,2010,2026-05-18 15:02:59,81.23,paid
296,101504,S101504_1,2028,2026-05-18 18:32:20,150.14,paid
297,101506,S101506_2,2022,2026-05-21 09:27:44,148.97,paid
298,101506,S101506_4,2042,2026-05-22 19:45:20,142.51,paid
299,101510,S101510_1,2007,2026-05-24 03:40:21,141.34,paid
300,101511,S101511_2,2027,2026-05-11 04:50:04,265.53,paid
301,101512,S101512_1,2043,2026-05-21 20:15:41,223.75,paid
302,101534,S101534_1,2049,2026-05-25 06:17:28,102.62,paid
303,101543,S101543_1,2012,2026-05-19 18:51:12,131.14,paid
304,101555,S101555_5,2019,2026-05-15 00:38:45,213.9,paid
305,101559,S101559_2,2042,2026-05-21 09:32:33,241.71,paid
306,101572,S101572_1,2023,2026-05-12 07:21:46,172.21,paid
307,101579,S101579_1,2011,2026-05-29 16:36:48,125.04,paid
308,101585,S101585_3,2039,2026-05-12 01:40:26,131.84,paid
309,101588,S101588_3,2006,2026-05-21 04:48:12,154.38,paid
310,101594,S101594_1,2019,2026-05-23 00:29:27,120.56,paid
311,101599,S101599_1,2012,2026-05-02 09:51:14,257.99,paid
312,101617,S101617_1,2014,2026-05-28 19:35:27,168.61,paid
313,101617,S101617_3,2018,2026-05-17 23:50:49,108.65,paid
314,101622,S101622_1,2032,2026-05-30 18:46:56,147.24,paid
315,101630,S101630_3,2005,2026-05-02 00:47:02,184.19,paid
316,101640,S101640_2,2001,2026-05-15 07:56:31,216.86,paid
317,101642,S101642_2,2029,2026-05-18 07:03:33,228.43,paid
318,101647,S101647_3,2024,2026-05-03 22:43:45,161.49,paid
319,101654,S101654_4,2050,2026-05-05 02:42:39,93.99,paid
320,101654,S101654_5,2045,2026-05-16 18:55:33,180.18,paid
321,101655,S101655_1,2001,2026-05-17 08:44:12,97.72,paid
322,101655,S101655_2,2048,2026-05-29 04:17:47,178.18,paid
323,101658,S101658_1,2026,2026-05-02 00:13:02,137.17,paid
324,101662,S101662_1,2026,2026-05-15 02:04:16,158.53,paid
325,101665,S101665_2,2036,2026-05-08 14:42:45,81.87,paid
326,101672,S101672_1,2006,2026-05-16 18:19:52,197.95,paid
327,101679,S101679_2,2004,2026-05-26 11:32:41,167.83,paid
328,101679,S101679_3,2011,2026-05-01 13:44:04,161.8,paid
329,101681,S101681_3,2006,2026-05-18 07:03:32,193.48,paid
330,101689,S101689_2,2029,2026-05-13 14:20:11,146.68,paid
331,101691,S101691_1,2043,2026-05-16 08:38:03,194.71,paid
332,101701,S101701_1,2028,2026-05-17 19:49:10,200.29,paid
333,101702,S101702_1,2032,2026-05-10 20:05:44,81.53,paid
334,101713,S101713_1,2041,2026-05-13 20:07:58,167.29,paid
335,101716,S101716_2,2002,2026-05-09 14:30:16,143.39,paid
336,101720,S101720_2,2039,2026-05-11 13:41:11,108.2,paid
337,101725,S101725_1,2004,2026-05-31 01:21:20,81.44,paid
338,101725,S101725_3,2004,2026-05-14 11:49:28,225.7,paid
339,101736,S101736_2,2017,2026-05-24 00:15:53,149.19,paid
340,101738,S101738_4,2048,2026-05-05 01:26:50,104.91,paid
341,101741,S101741_2,2003,2026-05-13 15:16:48,120.32,paid
342,101742,S101742_1,2023,2026-05-11 14:16:35,129.59,paid
343,101745,S101745_3,2039,2026-05-06 19:37:33,160.23,paid
344,101746,S101746_2,2027,2026-05-05 14:56:02,107.71,paid
345,101747,S101747_3,2020,2026-05-29 08:04:49,252.81,paid
346,101749,S101749_3,2029,2026-05-22 10:00:58,118.91,paid
347,101751,S101751_3,2004,2026-05-05 21:52:47,248.78,paid
348,101752,S101752_1,2048,2026-05-02 01:40:06,124.92,paid
349,101761,S101761_2,2014,2026-05-27 07:20:53,155.58,paid
350,101774,S101774_4,2017,2026-05-11 22:14:07,106.66,paid
351,101788,S101788_1,2039,2026-05-10 23:13:18,154.87,paid
352,101790,S101790_5,2037,2026-05-12 20:58:56,111.28,paid
353,101795,S101795_2,2016,2026-05-25 16:22:53,119.04,paid
354,101800,S101800_2,2008,2026-05-09 01:56:51,136.02,paid
355,101802,S101802_3,2022,2026-05-16 06:18:49,181.19,paid
356,101803,S101803_3,2028,2026-05-01 22:17:51,129.24,paid
357,101803,S101803_4,2024,2026-05-20 04:02:23,102.29,paid
358,101804,S101804_2,2050,2026-05-01 16:40:25,138.6,paid
359,101817,S101817_2,2047,2026-05-30 16:38:50,151.82,paid
360,101818,S101818_3,2024,2026-05-19 11:10:07,130.92,paid
361,101818,S101818_5,2008,2026-05-05 16:17:41,71.04,paid
362,101822,S101822_2,2008,2026-05-24 05:33:39,99.25,paid
363,101828,S101828_3,2005,2026-05-26 04:53:56,20.07,paid
364,101830,S101830_2,2043,2026-05-10 10:53:08,114.81,paid
365,101833,S101833_2,2050,2026-05-01 18:47:42,149.08,paid
366,101854,S101854_1,2050,2026-05-21 19:05:22,195.31,paid
367,101871,S101871_2,2005,2026-05-14 09:50:27,212.57,paid
368,101873,S101873_3,2015,2026-05-22 05:53:22,195.44,paid
369,101879,S101879_1,2037,2026-05-13 12:54:03,206.33,paid
370,101879,S101879_3,2043,2026-05-12 16:28:00,172.02,paid
371,101882,S101882_2,2036,2026-05-07 02:24:53,103.65,paid
372,101895,S101895_2,2005,2026-05-15 09:05:59,170.3,paid
373,101899,S101899_2,2046,2026-05-26 15:43:47,26.75,paid
374,101909,S101909_1,2050,2026-05-23 18:45:04,174.47,paid
375,101911,S101911_1,2017,2026-05-11 06:28:00,173.18,paid
376,101914,S101914_1,2050,2026-05-07 00:00:56,158.77,paid
377,101924,S101924_1,2039,2026-05-18 03:25:09,115.24,paid
378,101955,S101955_1,2022,2026-05-04 10:44:52,210.13,paid
379,101958,S101958_2,2048,2026-05-06 06:19:42,123.65,paid
380,101960,S101960_1,2020,2026-05-03 17:04:41,80.88,paid
381,101972,S101972_1,2035,2026-05-22 23:05:44,49.18,paid
382,101973,S101973_1,2038,2026-05-15 01:16:45,143.07,paid
383,101981,S101981_3,2016,2026-05-04 22:19:49,147.82,paid
384,101987,S101987_4,2008,2026-05-19 04:22:25,225.97,paid
385,101996,S101996_1,2017,2026-05-25 04:34:35,109.62,paid
386,101998,S101998_2,2009,2026-05-19 14:34:38,144.23,paid
387,102018,S102018_2,2005,2026-05-06 04:03:31,234.76,paid
388,102034,S102034_5,2022,2026-05-25 09:51:57,163.71,paid
389,102043,S102043_1,2018,2026-05-29 04:31:58,122.37,paid
390,102069,S102069_1,2027,2026-05-11 15:47:10,207.86,paid
391,102074,S102074_2,2046,2026-05-10 02:00:45,176.69,paid
392,102075,S102075_3,2045,2026-05-10 17:22:19,136.66,paid
393,102078,S102078_1,2021,2026-05-12 17:51:19,177.04,paid
394,102080,S102080_1,2006,2026-05-30 20:41:18,84.73,paid
395,102081,S102081_2,2046,2026-05-23 13:14:42,186.18,paid
396,102089,S102089_2,2005,2026-05-30 00:28:08,72.6,paid
397,102090,S102090_2,2007,2026-05-03 06:15:09,164.17,paid
398,102097,S102097_2,2027,2026-05-16 16:13:28,199.47,paid
399,102102,S102102_1,2040,2026-05-29 11:44:14,109.88,paid
400,102103,S102103_1,2021,2026-05-12 15:08:18,128.74,paid
401,102111,S102111_3,2007,2026-05-07 08:26:47,189.7,paid
402,102112,S102112_4,2006,2026-05-24 05:58:03,63.71,paid
403,102115,S102115_1,2050,2026-05-01 06:28:45,96.03,paid
404,102119,S102119_4,2021,2026-05-08 10:24:01,240.84,paid
405,102125,S102125_1,2012,2026-05-17 17:25:45,178.17,paid
406,102125,S102125_3,2003,2026-05-15 10:39:53,146.27,paid
407,102129,S102129_1,2011,2026-05-08 16:05:13,175.0,paid
408,102135,S102135_1,2004,2026-05-02 07:01:40,192.08,paid
409,102138,S102138_2,2021,2026-05-14 03:07:14,152.2,paid
410,102140,S102140_1,2043,2026-05-13 13:06:59,152.47,paid
411,102147,S102147_3,2004,2026-05-30 08:45:30,85.08,paid
412,102154,S102154_2,2050,2026-05-21 14:47:07,149.54,paid
413,102154,S102154_4,2032,2026-05-22 05:40:31,148.22,paid
414,102158,S102158_1,2026,2026-05-21 03:39:27,190.13,paid
415,102160,S102160_1,2037,2026-05-04 17:05:07,189.27,paid
416,102163,S102163_1,2047,2026-05-13 01:07:36,211.29,paid
417,102172,S102172_2,2030,2026-05-24 00:49:45,163.58,paid
418,102178,S102178_1,2050,2026-05-11 21:25:43,128.59,paid
419,102180,S102180_1,2045,2026-05-25 03:47:54,132.37,paid
420,102180,S102180_4,2041,2026-05-13 22:57:48,102.45,paid
421,102189,S102189_4,2008,2026-05-18 20:59:54,122.74,paid
422,102191,S102191_1,2050,2026-05-22 13:56:43,216.75,paid
423,102197,S102197_2,2010,2026-05-17 14:03:48,122.36,paid
424,102205,S102205_1,2048,2026-05-06 16:39:27,149.34,paid
425,102209,S102209_1,2020,2026-05-17 00:38:05,140.25,paid
426,102210,S102210_3,2034,2026-05-12 19:11:33,185.64,paid
427,102217,S102217_1,2020,2026-05-03 19:52:55,165.06,paid
428,102221,S102221_1,2034,2026-05-18 07:23:13,213.03,paid
429,102224,S102224_3,2011,2026-05-22 08:10:28,158.13,paid
430,102228,S102228_1,2003,2026-05-01 20:07:49,163.01,paid
431,102228,S102228_3,2024,2026-05-12 21:59:08,223.94,paid
432,102234,S102234_4,2021,2026-05-06 17:30:20,225.05,paid
433,102235,S102235_2,2035,2026-05-26 23:50:56,156.07,paid
434,102243,S102243_2,2011,2026-05-12 10:11:17,182.88,paid
435,102247,S102247_2,2018,2026-05-21 23:07:43,228.66,paid
436,102249,S102249_4,2004,2026-05-06 06:37:12,135.46,paid
437,102250,S102250_2,2018,2026-05-24 20:46:49,179.08,paid
438,102263,S102263_2,2003,2026-05-10 02:43:39,82.39,paid
439,102269,S102269_1,2026,2026-05-11 19:29:50,171.75,paid
440,102271,S102271_1,2030,2026-05-11 12:47:37,116.47,paid
441,102271,S102271_3,2043,2026-05-11 13:55:37,162.13,paid
442,102284,S102284_1,2017,2026-05-22 20:46:26,159.77,paid
443,102284,S102284_2,2025,2026-05-25 01:14:45,177.75,paid
444,102293,S102293_2,2013,2026-05-21 10:42:58,197.96,paid
445,102293,S102293_3,2007,2026-05-11 19:46:06,169.49,paid
446,102301,S102301_2,2050,2026-05-23 14:13:23,183.86,paid
447,102303,S102303_1,2050,2026-05-05 12:34:34,158.39,paid
448,102304,S102304_1,2041,2026-05-02 09:46:47,204.28,paid
449,102313,S102313_2,2049,2026-05-28 07:11:37,115.69,paid
450,102315,S102315_2,2005,2026-05-14 22:01:15,215.06,paid
451,102320,S102320_4,2049,2026-05-28 03:48:56,264.64,paid
452,102333,S102333_3,2044,2026-05-14 14:46:41,148.6,paid
453,102336,S102336_2,2027,2026-05-31 11:08:54,100.04,paid
454,102344,S102344_1,2030,2026-05-11 14:10:42,142.45,paid
455,102348,S102348_2,2009,2026-05-10 18:31:17,189.78,paid
456,102348,S102348_3,2047,2026-05-30 11:21:51,181.09,paid
457,102350,S102350_2,2023,2026-05-18 23:56:03,186.46,paid
458,102350,S102350_3,2033,2026-05-18 21:57:50,172.43,paid
459,102351,S102351_1,2005,2026-05-23 16:30:52,170.01,paid
460,102352,S102352_1,2026,2026-05-29 22:46:03,115.05,paid
461,102364,S102364_2,2003,2026-05-23 02:52:51,164.47,paid
462,102366,S102366_4,2040,2026-05-19 04:12:11,231.96,paid
463,102367,S102367_1,2034,2026-05-29 05:17:57,119.25,paid
464,102370,S102370_1,2024,2026-05-29 05:18:53,215.38,paid
465,102377,S102377_1,2004,2026-05-14 06:57:20,113.06,paid
466,102380,S102380_1,2024,2026-05-22 12:26:43,151.93,paid
467,102380,S102380_2,2020,2026-05-09 08:04:47,213.59,paid
468,102381,S102381_1,2021,2026-05-08 15:49:20,157.21,paid
469,102383,S102383_4,2032,2026-05-23 21:22:41,205.72,paid
470,102384,S102384_2,2017,2026-05-01 23:41:07,97.45,paid
471,102386,S102386_1,2028,2026-05-27 17:14:24,118.23,paid
472,102393,S102393_3,2030,2026-05-30 17:13:47,92.81,paid
473,102394,S102394_2,2002,2026-05-25 08:19:57,168.58,paid
474,102397,S102397_1,2006,2026-05-09 00:55:30,180.92,paid
475,102399,S102399_1,2004,2026-05-24 18:51:58,136.64,paid
476,102399,S102399_2,2017,2026-05-08 09:07:57,120.72,paid
477,102401,S102401_1,2035,2026-05-11 00:28:28,127.66,paid
478,102401,S102401_2,2040,2026-05-22 11:50:34,177.61,paid
479,102401,S102401_3,2046,2026-05-24 06:24:21,138.23,paid
480,102405,S102405_2,2008,2026-05-20 14:43:43,69.06,paid
481,102406,S102406_1,2030,2026-05-16 01:21:14,125.79,paid
482,102414,S102414_2,2033,2026-05-10 22:20:08,135.12,paid
483,102416,S102416_1,2011,2026-05-04 09:28:54,176.29,paid
484,102416,S102416_2,2050,2026-05-06 13:51:17,129.18,paid
485,102420,S102420_2,2038,2026-05-03 23:22:00,194.2,paid
486,102421,S102421_1,2037,2026-05-11 01:02:58,122.7,paid
487,102422,S102422_3,2034,2026-05-06 13:54:24,179.75,paid
488,102441,S102441_2,2043,2026-05-22 21:12:15,78.42,paid
489,102456,S102456_1,2048,2026-05-26 14:03:27,99.37,paid
490,102462,S102462_3,2016,2026-05-27 16:25:04,133.23,paid
491,102463,S102463_4,2007,2026-05-28 04:58:34,154.09,paid
492,102466,S102466_1,2003,2026-05-27 15:44:29,135.62,paid
493,102490,S102490_1,2038,2026-05-17 10:18:46,202.29,paid
494,102492,S102492_2,2029,2026-05-30 01:35:18,120.97,paid
495,102493,S102493_3,2044,2026-05-09 21:06:13,147.54,paid
496,102496,S102496_2,2038,2026-05-11 20:20:35,180.98,paid
497,102509,S102509_2,2017,2026-05-05 08:20:25,200.43,paid
498,102511,S102511_1,2026,2026-05-29 17:39:05,160.17,paid
499,102531,S102531_4,2027,2026-05-30 03:11:18,137.77,paid
500,102553,S102553_2,2024,2026-05-29 04:46:58,206.62,paid
501,102555,S102555_4,2040,2026-05-29 21:47:26,103.6,paid
502,102557,S102557_1,2043,2026-05-18 18:31:07,122.52,paid
503,102560,S102560_1,2032,2026-05-08 23:23:37,157.03,paid
504,102561,S102561_1,2001,2026-05-21 21:50:04,198.59,paid
505,102564,S102564_1,2009,2026-05-01 22:15:08,122.07,paid
506,102565,S102565_1,2008,2026-05-13 00:29:52,134.12,paid
507,102567,S102567_2,2048,2026-05-10 00:17:43,186.73,paid
508,102582,S102582_2,2048,2026-05-30 04:05:44,184.22,paid
509,102582,S102582_4,2015,2026-05-20 06:54:24,128.41,paid
510,102588,S102588_3,2006,2026-05-04 04:25:04,209.6,paid
511,102589,S102589_3,2004,2026-05-12 02:48:49,152.2,paid
512,102596,S102596_2,2018,2026-05-29 02:07:47,134.3,paid
513,102597,S102597_1,2027,2026-05-16 03:14:24,212.32,paid
514,102601,S102601_3,2009,2026-05-14 18:41:30,188.23,paid
515,102611,S102611_4,2004,2026-05-12 01:24:12,150.47,paid
516,102615,S102615_2,2044,2026-05-23 07:19:08,193.73,paid
517,102621,S102621_4,2030,2026-05-20 03:06:03,138.36,paid
518,102640,S102640_1,2015,2026-05-23 06:31:07,194.91,paid
519,102664,S102664_1,2022,2026-05-15 12:49:07,146.21,paid
520,102673,S102673_2,2005,2026-05-19 22:55:07,238.34,paid
521,102687,S102687_1,2005,2026-05-30 22:55:08,116.83,paid
522,102690,S102690_1,2046,2026-05-16 07:40:46,113.79,paid
523,102692,S102692_3,2039,2026-05-09 09:32:07,183.4,paid
524,102701,S102701_1,2001,2026-05-16 14:36:46,133.21,paid
525,102709,S102709_2,2026,2026-05-05 14:55:44,127.85,paid
526,102712,S102712_2,2043,2026-05-16 12:37:31,164.56,paid
527,102713,S102713_1,2042,2026-05-15 01:24:14,143.51,paid
528,102718,S102718_2,2020,2026-05-16 04:18:35,184.25,paid
529,102720,S102720_1,2024,2026-05-24 16:40:31,104.11,paid
530,102731,S102731_1,2037,2026-05-17 06:47:05,99.52,paid
531,102731,S102731_3,2020,2026-05-28 03:52:11,128.98,paid
532,102738,S102738_1,2008,2026-05-03 08:09:58,119.83,paid
533,102738,S102738_3,2048,2026-05-23 16:03:13,142.06,paid
534,102739,S102739_2,2025,2026-05-26 21:36:32,161.7,paid
535,102741,S102741_5,2026,2026-05-06 23:53:45,178.54,paid
536,102744,S102744_2,2047,2026-05-12 07:33:11,244.94,paid
537,102756,S102756_1,2028,2026-05-26 06:08:30,136.1,paid
538,102756,S102756_2,2002,2026-05-12 19:26:16,207.68,paid
539,102757,S102757_1,2001,2026-05-19 18:53:30,181.02,paid
540,102763,S102763_1,2030,2026-05-23 08:39:09,233.98,paid
541,102763,S102763_2,2033,2026-05-26 07:35:35,110.96,paid
542,102783,S102783_1,2035,2026-05-13 18:41:17,133.46,paid
543,102787,S102787_1,2020,2026-05-28 13:52:29,143.28,paid
544,102787,S102787_2,2031,2026-05-29 11:31:00,109.95,paid
545,102793,S102793_1,2037,2026-05-10 17:17:52,130.46,paid
546,102801,S102801_1,2047,2026-05-14 23:35:54,168.65,paid
547,102802,S102802_1,2038,2026-05-16 16:55:43,160.43,paid
548,102802,S102802_2,2036,2026-05-29 13:44:47,206.58,paid
549,102811,S102811_3,2038,2026-05-06 04:30:57,184.29,paid
550,102816,S102816_2,2035,2026-05-11 01:03:40,175.17,paid
551,102819,S102819_1,2021,2026-05-19 16:38:29,207.65,paid
552,102821,S102821_1,2023,2026-05-29 02:30:44,252.68,paid
553,102822,S102822_2,2002,2026-05-21 18:04:35,126.89,paid
554,102824,S102824_1,2002,2026-05-18 05:09:51,151.9,paid
555,102825,S102825_2,2021,2026-05-30 14:19:09,50.36,paid
556,102826,S102826_4,2016,2026-05-15 02:58:37,152.36,paid
557,102830,S102830_2,2023,2026-05-21 00:12:43,173.42,paid
558,102833,S102833_3,2029,2026-05-22 12:27:16,168.86,paid
559,102845,S102845_1,2022,2026-05-17 15:04:20,121.89,paid
560,102850,S102850_2,2049,2026-05-17 17:03:34,155.44,paid
561,102855,S102855_1,2047,2026-05-19 18:26:59,87.34,paid
562,102858,S102858_2,2003,2026-05-02 03:02:50,131.05,paid
563,102863,S102863_2,2021,2026-05-21 09:18:42,179.5,paid
564,102864,S102864_2,2002,2026-05-18 02:31:58,129.16,paid
565,102865,S102865_1,2045,2026-05-03 08:08:56,119.73,paid
566,102871,S102871_1,2014,2026-05-09 21:09:31,170.46,paid
567,102874,S102874_1,2014,2026-05-23 03:55:40,122.83,paid
568,102877,S102877_1,2016,2026-05-25 04:46:29,243.36,paid
569,102881,S102881_3,2042,2026-05-24 17:35:50,139.08,paid
570,102885,S102885_4,2031,2026-05-17 17:40:31,146.34,paid
571,102896,S102896_4,2022,2026-05-27 16:48:57,97.97,paid
572,102908,S102908_2,2033,2026-05-21 19:56:45,191.66,paid
573,102909,S102909_3,2012,2026-05-25 20:23:18,185.04,paid
574,102910,S102910_1,2011,2026-05-29 05:46:45,120.64,paid
575,102917,S102917_1,2025,2026-05-21 13:30:13,144.83,paid
576,102920,S102920_2,2002,2026-05-21 04:30:16,64.16,paid
577,102932,S102932_3,2031,2026-05-17 03:59:31,216.13,paid
578,102933,S102933_1,2043,2026-05-02 04:17:46,203.69,paid
579,102935,S102935_1,2027,2026-05-06 04:24:41,188.5,paid
580,102941,S102941_2,2006,2026-05-29 09:13:56,90.73,paid
581,102945,S102945_5,2011,2026-05-30 00:10:10,141.6,paid
582,102947,S102947_1,2010,2026-05-23 18:45:04,149.52,paid
583,102950,S102950_2,2008,2026-05-16 03:14:38,135.27,paid
584,102954,S102954_1,2026,2026-05-04 11:52:17,202.69,paid
585,102955,S102955_1,2019,2026-05-30 07:31:51,128.61,paid
586,102965,S102965_1,2009,2026-05-19 07:22:24,232.53,paid
587,102973,S102973_2,2011,2026-05-30 04:22:33,121.27,paid
588,102977,S102977_2,2013,2026-05-09 09:56:30,123.02,paid
589,102983,S102983_1,2050,2026-05-24 07:43:36,188.35,paid
590,102984,S102984_2,2011,2026-05-08 17:55:12,128.74,paid
591,102985,S102985_5,2041,2026-05-13 01:46:41,224.14,paid
592,102989,S102989_1,2036,2026-05-20 02:20:38,118.93,paid
593,103006,S103006_1,2018,2026-05-30 12:08:55,211.97,paid
594,103017,S103017_1,2046,2026-05-31 00:25:20,115.85,paid
595,103018,S103018_1,2020,2026-05-10 22:19:00,111.38,paid
596,103019,S103019_1,2001,2026-05-07 12:47:26,197.85,paid
597,103022,S103022_2,2001,2026-05-03 17:47:15,174.69,paid
598,103026,S103026_2,2018,2026-05-22 21:29:53,175.81,paid
599,103034,S103034_2,2034,2026-05-22 10:56:11,115.15,paid
600,103034,S103034_4,2009,2026-05-06 09:45:30,191.34,paid
601,103056,S103056_3,2044,2026-05-07 15:48:51,125.2,paid
602,103062,S103062_1,2037,2026-05-17 18:46:37,187.39,paid
603,103077,S103077_1,2024,2026-05-06 03:34:22,233.38,paid
604,103087,S103087_1,2010,2026-05-05 20:45:37,142.88,paid
605,103087,S103087_4,2050,2026-05-08 16:07:06,141.07,paid
606,103090,S103090_1,2026,2026-05-03 13:17:20,80.31,paid
607,103111,S103111_2,2027,2026-05-21 22:19:24,185.01,paid
608,103119,S103119_2,2020,2026-05-18 13:28:16,125.39,paid
609,103126,S103126_2,2010,2026-05-07 19:51:12,152.02,paid
610,103129,S103129_1,2010,2026-05-21 22:35:49,175.24,paid
611,103132,S103132_2,2040,2026-05-28 08:23:44,183.34,paid
612,103142,S103142_1,2031,2026-05-20 18:56:30,158.12,paid
613,103142,S103142_3,2050,2026-05-21 13:32:13,170.66,paid
614,103143,S103143_1,2017,2026-05-19 06:40:02,104.67,paid
615,103156,S103156_1,2002,2026-05-02 07:31:27,159.31,paid
616,103157,S103157_2,2036,2026-05-06 15:03:25,108.27,paid
617,103162,S103162_3,2049,2026-05-01 01:23:42,96.8,paid
618,103163,S103163_3,2017,2026-05-09 09:06:32,87.25,paid
619,103168,S103168_1,2050,2026-05-13 05:25:53,206.18,paid
620,103171,S103171_2,2025,2026-05-14 23:00:30,195.94,paid
621,103172,S103172_1,2033,2026-05-08 20:09:40,128.26,paid
622,103173,S103173_3,2043,2026-05-01 08:50:21,275.11,paid
623,103178,S103178_2,2048,2026-05-07 15:59:30,142.11,paid
624,103182,S103182_3,2020,2026-05-25 22:49:40,131.44,paid
625,103187,S103187_2,2019,2026-05-16 18:11:28,106.71,paid
626,103207,S103207_1,2048,2026-05-11 09:53:07,140.15,paid
627,103210,S103210_2,2008,2026-05-04 19:36:13,180.12,paid
628,103219,S103219_2,2005,2026-05-09 05:23:03,155.77,paid
629,103221,S103221_1,2014,2026-05-23 10:31:47,102.18,paid
630,103224,S103224_2,2046,2026-05-27 04:06:31,21.92,paid
631,103230,S103230_1,2032,2026-05-12 16:32:42,151.67,paid
632,103231,S103231_1,2003,2026-05-26 02:06:24,157.85,paid
633,103233,S103233_1,2033,2026-05-15 10:32:38,209.66,paid
634,103246,S103246_1,2013,2026-05-23 12:21:33,117.86,paid
635,103247,S103247_2,2047,2026-05-21 13:41:10,151.99,paid
636,103252,S103252_5,2045,2026-05-16 00:09:55,232.72,paid
637,103261,S103261_1,2035,2026-05-29 02:54:56,143.06,paid
638,103284,S103284_1,2032,2026-05-11 17:33:54,229.95,paid
639,103292,S103292_2,2047,2026-05-13 18:10:11,196.09,paid
640,103295,S103295_2,2011,2026-05-02 13:17:43,200.13,paid
641,103296,S103296_1,2023,2026-05-25 18:21:46,159.99,paid
642,103302,S103302_1,2020,2026-05-11 21:40:30,228.98,paid
643,103308,S103308_2,2031,2026-05-24 10:17:04,189.74,paid
644,103315,S103315_1,2040,2026-05-06 10:18:55,154.3,paid
645,103317,S103317_2,2043,2026-05-10 16:12:52,153.94,paid
646,103318,S103318_1,2021,2026-05-16 22:13:07,134.92,paid
647,103318,S103318_2,2017,2026-05-25 19:19:22,156.81,paid
648,103323,S103323_1,2034,2026-05-08 15:22:58,195.12,paid
649,103337,S103337_2,2018,2026-05-14 07:21:01,108.59,paid
650,103352,S103352_1,2038,2026-05-10 15:30:07,146.92,paid
651,103358,S103358_4,2038,2026-05-27 04:47:20,134.29,paid
652,103360,S103360_3,2024,2026-05-08 04:29:55,155.09,paid
653,103367,S103367_1,2019,2026-05-21 09:02:18,149.85,paid
654,103368,S103368_3,2020,2026-05-20 06:28:28,85.94,paid
655,103371,S103371_1,2021,2026-05-17 10:38:23,153.73,paid
656,103371,S103371_2,2044,2026-05-29 08:38:49,146.95,paid
657,103371,S103371_5,2009,2026-05-31 03:26:52,172.44,paid
658,103375,S103375_2,2015,2026-05-24 14:31:51,135.93,paid
659,103382,S103382_3,2011,2026-05-13 09:53:03,100.91,paid
660,103387,S103387_1,2049,2026-05-05 03:41:41,264.97,paid
661,103394,S103394_1,2022,2026-05-28 08:26:07,159.73,paid
662,103395,S103395_2,2034,2026-05-15 21:39:25,195.03,paid
663,103402,S103402_1,2031,2026-05-14 20:24:39,131.54,paid
664,103402,S103402_2,2049,2026-05-07 09:30:56,222.07,paid
665,103408,S103408_1,2013,2026-05-03 11:32:04,145.1,paid
666,103408,S103408_2,2030,2026-05-25 05:03:02,125.94,paid
667,103412,S103412_1,2035,2026-05-02 16:14:21,164.86,paid
668,103414,S103414_3,2049,2026-05-30 08:53:18,61.13,paid
669,103415,S103415_2,2036,2026-05-24 05:22:32,136.94,paid
670,103425,S103425_3,2017,2026-05-27 13:30:25,197.98,paid
671,103426,S103426_1,2012,2026-05-03 12:32:35,115.83,paid
672,103431,S103431_2,2026,2026-05-19 07:51:42,115.44,paid
673,103433,S103433_1,2029,2026-05-16 01:54:29,161.69,paid
674,103437,S103437_1,2026,2026-05-18 18:53:48,111.48,paid
675,103438,S103438_1,2050,2026-05-12 09:39:28,163.7,paid
676,103439,S103439_1,2050,2026-05-18 01:14:17,183.48,paid
677,103461,S103461_4,2010,2026-05-17 23:33:33,105.96,paid
678,103468,S103468_3,2018,2026-05-27 08:35:36,134.61,paid
679,103472,S103472_1,2019,2026-05-08 23:03:18,170.1,paid
680,103475,S103475_2,2034,2026-05-27 14:40:28,218.76,paid
681,103495,S103495_4,2032,2026-05-04 20:58:52,174.82,paid
682,103502,S103502_4,2040,2026-05-07 18:46:12,180.51,paid
683,103505,S103505_1,2043,2026-05-22 18:53:29,158.7,paid
684,103512,S103512_3,2021,2026-05-27 14:24:06,137.73,paid
685,103524,S103524_1,2037,2026-05-20 23:51:36,123.67,paid
686,103534,S103534_2,2026,2026-05-07 18:34:54,133.9,paid
687,103538,S103538_1,2025,2026-05-09 14:22:14,156.79,paid
688,103542,S103542_1,2045,2026-05-05 09:51:56,142.06,paid
689,103549,S103549_1,2046,2026-05-24 16:32:16,164.9,paid
690,103549,S103549_2,2044,2026-05-18 16:33:36,118.08,paid
691,103567,S103567_1,2014,2026-05-30 01:18:25,114.65,paid
692,103569,S103569_2,2028,2026-05-15 08:27:26,125.48,paid
693,103585,S103585_1,2036,2026-05-12 15:54:15,188.47,paid
694,103598,S103598_1,2014,2026-05-10 04:39:27,168.99,paid
695,103620,S103620_4,2039,2026-05-28 04:16:21,123.77,paid
696,103625,S103625_3,2001,2026-05-05 21:19:21,124.01,paid
697,103626,S103626_4,2019,2026-05-15 22:33:40,191.26,paid
698,103631,S103631_1,2040,2026-05-26 04:30:41,206.97,paid
699,103634,S103634_3,2041,2026-05-06 07:11:20,132.33,paid
700,103638,S103638_4,2037,2026-05-24 14:08:09,81.35,paid
701,103642,S103642_2,2043,2026-05-22 05:00:00,145.71,paid
702,103651,S103651_3,2005,2026-05-07 11:52:04,239.06,paid
703,103662,S103662_1,2019,2026-05-08 06:11:19,158.06,paid
704,103680,S103680_2,2048,2026-05-06 07:31:46,139.87,paid
705,103687,S103687_2,2022,2026-05-28 04:16:37,126.53,paid
706,103690,S103690_1,2006,2026-05-20 14:21:08,127.37,paid
707,103690,S103690_2,2043,2026-05-09 21:39:27,218.89,paid
708,103700,S103700_2,2031,2026-05-18 05:19:19,117.62,paid
709,103708,S103708_1,2040,2026-05-14 06:21:03,223.59,paid
710,103708,S103708_3,2048,2026-05-29 02:52:34,166.58,paid
711,103712,S103712_2,2039,2026-05-15 19:34:07,180.33,paid
712,103722,S103722_3,2002,2026-05-09 03:43:36,188.28,paid
713,103731,S103731_1,2014,2026-05-16 01:08:00,108.87,paid
714,103734,S103734_1,2006,2026-05-01 14:51:11,151.6,paid
715,103741,S103741_1,2005,2026-05-18 07:24:10,170.78,paid
716,103743,S103743_2,2013,2026-05-26 07:19:25,131.03,paid
717,103744,S103744_2,2016,2026-05-17 05:48:52,131.43,paid
718,103745,S103745_3,2007,2026-05-14 23:49:21,115.1,paid
719,103757,S103757_1,2029,2026-05-16 20:14:52,223.55,paid
720,103758,S103758_1,2011,2026-05-16 08:46:08,154.36,paid
721,103759,S103759_1,2010,2026-05-06 12:16:05,169.78,paid
722,103775,S103775_1,2013,2026-05-02 08:16:55,154.71,paid
723,103775,S103775_2,2026,2026-05-25 14:33:06,162.01,paid
724,103782,S103782_2,2042,2026-05-10 22:47:04,146.14,paid
725,103788,S103788_1,2019,2026-05-04 17:42:52,117.65,paid
726,103811,S103811_3,2011,2026-05-20 21:26:59,138.64,paid
727,103813,S103813_1,2039,2026-05-19 04:33:45,136.61,paid
728,103819,S103819_2,2003,2026-05-12 06:25:10,101.84,paid
729,103820,S103820_1,2021,2026-05-30 18:45:17,130.83,paid
730,103823,S103823_1,2048,2026-05-24 15:11:27,161.28,paid
731,103827,S103827_3,2031,2026-05-22 21:41:57,86.12,paid
732,103837,S103837_2,2021,2026-05-15 01:22:37,132.47,paid
733,103838,S103838_1,2042,2026-05-20 21:18:40,109.67,paid
734,103839,S103839_3,2039,2026-05-26 08:17:52,109.11,paid
735,103841,S103841_1,2016,2026-05-21 19:36:40,221.24,paid
736,103850,S103850_5,2045,2026-05-21 16:32:06,125.5,paid
737,103853,S103853_2,2048,2026-05-01 14:17:01,42.87,paid
738,103855,S103855_2,2037,2026-05-27 11:45:21,187.41,paid
739,103864,S103864_1,2044,2026-05-21 07:04:41,204.4,paid
740,103865,S103865_1,2015,2026-05-26 09:12:34,111.43,paid
741,103871,S103871_1,2046,2026-05-17 07:38:23,157.64,paid
742,103880,S103880_1,2038,2026-05-29 10:29:04,124.36,paid
743,103888,S103888_1,2030,2026-05-03 10:00:01,156.56,paid
744,103891,S103891_1,2048,2026-05-28 21:39:32,179.91,paid
745,103895,S103895_2,2023,2026-05-24 14:43:05,234.23,paid
746,103899,S103899_2,2031,2026-05-27 05:21:44,136.87,paid
747,103901,S103901_1,2008,2026-05-27 09:46:53,65.93,paid
748,103904,S103904_2,2048,2026-05-07 01:07:05,166.35,paid
749,103908,S103908_1,2047,2026-05-18 18:08:11,116.26,paid
750,103917,S103917_3,2034,2026-05-16 04:43:57,200.8,paid
751,103923,S103923_1,2032,2026-05-31 22:54:49,128.77,paid
752,103925,S103925_2,2006,2026-05-11 03:31:01,180.07,paid
753,103938,S103938_4,2009,2026-05-12 05:00:51,174.44,paid
754,103942,S103942_1,2006,2026-05-16 01:41:31,198.83,paid
755,103952,S103952_1,2047,2026-05-14 23:27:58,43.41,paid
756,103955,S103955_1,2011,2026-05-12 17:57:27,184.25,paid
757,103956,S103956_1,2023,2026-05-16 00:26:25,157.12,paid
758,103969,S103969_1,2018,2026-05-13 04:40:07,193.56,paid
759,103970,S103970_2,2050,2026-05-17 03:02:51,131.37,paid
760,103973,S103973_2,2030,2026-05-15 14:29:33,146.72,paid
761,103973,S103973_3,2026,2026-05-01 12:05:24,187.67,paid
762,103976,S103976_2,2042,2026-05-31 00:05:53,132.02,paid
763,103979,S103979_4,2004,2026-05-09 21:45:24,105.88,paid
764,103980,S103980_2,2004,2026-05-28 10:24:01,196.08,paid
765,103980,S103980_3,2006,2026-05-07 08:13:47,178.69,paid
766,103990,S103990_1,2023,2026-05-24 13:19:04,130.69,paid
767,103995,S103995_3,2046,2026-05-11 19:56:10,168.72,paid
768,103996,S103996_2,2035,2026-05-28 08:10:29,158.57,paid
769,103996,S103996_3,2014,2026-05-29 11:10:00,186.74,paid
770,103999,S103999_3,2029,2026-05-08 02:11:27,154.4,paid
771,104001,S104001_3,2013,2026-05-31 08:04:30,110.76,paid
772,104010,S104010_1,2021,2026-05-23 23:12:07,124.73,paid
773,104010,S104010_3,2045,2026-05-21 23:13:51,131.89,paid
774,104011,S104011_4,2032,2026-05-18 12:39:02,68.02,paid
775,104015,S104015_1,2003,2026-05-09 22:56:00,199.14,paid
776,104029,S104029_1,2009,2026-05-12 06:18:26,158.87,paid
777,104029,S104029_2,2004,2026-05-07 07:45:29,196.56,paid
778,104030,S104030_3,2032,2026-05-24 22:45:38,202.75,paid
779,104035,S104035_1,2048,2026-05-20 06:43:44,261.99,paid
780,104038,S104038_3,2017,2026-05-10 13:57:42,138.57,paid
781,104042,S104042_3,2002,2026-05-17 01:23:07,190.96,paid
782,104050,S104050_2,2012,2026-05-26 16:46:26,105.1,paid
783,104056,S104056_2,2033,2026-05-29 22:07:51,108.82,paid
784,104057,S104057_1,2017,2026-05-07 05:43:28,172.78,paid
785,104057,S104057_2,2021,2026-05-16 23:34:56,146.89,paid
786,104064,S104064_1,2019,2026-05-10 00:58:32,212.02,paid
787,104068,S104068_1,2031,2026-05-15 20:25:47,159.29,paid
788,104079,S104079_1,2002,2026-05-27 07:09:34,162.36,paid
789,104080,S104080_2,2011,2026-05-30 08:28:34,236.69,paid
790,104098,S104098_1,2021,2026-05-27 21:39:59,186.58,paid
791,104100,S104100_1,2035,2026-05-23 07:07:52,251.72,paid
792,104106,S104106_3,2020,2026-05-06 09:18:02,186.07,paid
793,104111,S104111_2,2009,2026-05-06 12:59:52,151.09,paid
794,104126,S104126_1,2026,2026-05-02 11:38:59,132.65,paid
795,104133,S104133_3,2041,2026-05-25 17:44:04,173.26,paid
796,104146,S104146_2,2048,2026-05-08 21:35:37,130.96,paid
797,104156,S104156_3,2019,2026-05-30 13:00:45,188.12,paid
798,104160,S104160_2,2014,2026-05-14 06:42:56,164.78,paid
799,104160,S104160_4,2031,2026-05-14 00:35:38,122.1,paid
800,104180,S104180_2,2010,2026-05-05 23:10:58,194.12,paid
801,104198,S104198_1,2013,2026-05-30 22:12:42,158.71,paid
802,104210,S104210_1,2047,2026-05-13 18:29:31,200.22,paid
803,104218,S104218_3,2001,2026-05-05 05:18:04,135.57,paid
804,104229,S104229_1,2046,2026-05-03 18:02:28,119.34,paid
805,104230,S104230_1,2027,2026-05-21 19:20:17,23.67,paid
806,104231,S104231_2,2040,2026-06-01 00:00:18,152.83,paid
807,104234,S104234_1,2049,2026-05-04 17:42:51,196.68,paid
808,104236,S104236_2,2036,2026-05-29 15:16:28,130.84,paid
809,104241,S104241_1,2045,2026-05-25 16:47:53,109.35,paid
810,104244,S104244_1,2033,2026-05-05 23:56:25,161.1,paid
811,104244,S104244_4,2004,2026-05-06 01:00:32,225.02,paid
812,104251,S104251_1,2040,2026-05-16 11:10:56,192.6,paid
813,104252,S104252_1,2037,2026-05-16 14:01:01,166.81,paid
814,104262,S104262_3,2009,2026-05-19 20:44:31,225.94,paid
815,104268,S104268_1,2023,2026-05-10 04:57:05,137.73,paid
816,104269,S104269_2,2017,2026-05-29 15:46:32,141.01,paid
817,104277,S104277_1,2014,2026-05-06 08:36:00,135.71,paid
818,104284,S104284_2,2015,2026-05-30 03:24:24,206.14,paid
819,104285,S104285_1,2017,2026-05-26 06:22:08,184.8,paid
820,104286,S104286_2,2039,2026-05-05 21:43:27,131.62,paid
821,104287,S104287_2,2021,2026-05-10 05:21:17,123.76,paid
822,104298,S104298_1,2003,2026-05-27 00:33:04,159.01,paid
823,104301,S104301_1,2025,2026-05-11 01:32:51,175.01,paid
824,104307,S104307_1,2003,2026-05-06 19:06:16,54.45,paid
825,104308,S104308_1,2042,2026-05-13 15:28:45,175.97,paid
826,104308,S104308_2,2004,2026-05-24 23:00:13,154.77,paid
827,104316,S104316_2,2013,2026-05-04 21:20:45,191.98,paid
828,104334,S104334_1,2011,2026-05-23 19:32:19,184.94,paid
829,104335,S104335_2,2012,2026-05-29 04:59:52,123.86,paid
830,104336,S104336_1,2005,2026-05-23 14:31:46,146.26,paid
831,104344,S104344_2,2021,2026-05-26 12:59:15,87.52,paid
832,104347,S104347_3,2034,2026-05-15 12:03:53,176.53,paid
833,104352,S104352_1,2022,2026-05-30 15:28:18,85.46,paid
834,104356,S104356_2,2049,2026-05-28 14:54:45,105.82,paid
835,104357,S104357_2,2038,2026-05-27 02:30:03,74.53,paid
836,104358,S104358_1,2017,2026-05-02 00:35:55,153.28,paid
837,104361,S104361_1,2002,2026-05-01 03:06:31,199.47,paid
838,104365,S104365_1,2045,2026-05-29 23:06:59,181.03,paid
839,104365,S104365_2,2031,2026-05-11 20:13:41,138.85,paid
840,104372,S104372_2,2007,2026-05-12 06:26:25,106.1,paid
841,104391,S104391_4,2014,2026-05-24 16:31:09,177.38,paid
842,104393,S104393_1,2032,2026-05-21 04:36:29,128.14,paid
843,104395,S104395_1,2021,2026-05-17 07:59:03,188.82,paid
844,104398,S104398_1,2036,2026-05-12 19:01:38,177.09,paid
845,104400,S104400_1,2018,2026-05-06 10:43:21,233.26,paid
846,104403,S104403_2,2010,2026-05-14 01:32:53,178.05,paid
847,104407,S104407_1,2049,2026-05-04 19:41:56,110.72,paid
848,104411,S104411_4,2021,2026-05-18 12:13:10,130.16,paid
849,104416,S104416_2,2049,2026-05-12 01:10:05,137.5,paid
850,104423,S104423_1,2005,2026-05-20 17:43:18,104.48,paid
851,104424,S104424_1,2003,2026-05-29 10:44:00,179.53,paid
852,104449,S104449_1,2019,2026-05-17 16:32:58,185.29,paid
853,104453,S104453_1,2047,2026-05-04 02:51:35,161.85,paid
854,104456,S104456_2,2007,2026-05-25 16:41:32,224.44,paid
855,104458,S104458_3,2011,2026-05-20 02:18:50,196.62,paid
856,104462,S104462_2,2039,2026-05-22 01:29:20,164.45,paid
857,104472,S104472_2,2049,2026-05-04 08:13:36,187.4,paid
858,104473,S104473_1,2019,2026-05-08 22:34:25,137.34,paid
859,104480,S104480_1,2033,2026-05-06 07:49:10,250.28,paid
860,104481,S104481_2,2008,2026-05-12 19:53:19,218.17,paid
861,104484,S104484_4,2006,2026-05-01 14:05:51,109.21,paid
862,104487,S104487_1,2039,2026-05-17 09:55:56,181.22,paid
863,104497,S104497_1,2049,2026-05-05 16:47:15,163.61,paid
864,104497,S104497_3,2025,2026-05-06 03:14:26,221.32,paid
865,104500,S104500_2,2003,2026-05-01 08:21:13,273.18,paid
866,104500,S104500_3,2003,2026-05-13 17:52:59,204.0,paid
867,104502,S104502_3,2027,2026-05-28 22:59:16,132.04,paid
868,104505,S104505_2,2047,2026-05-12 21:03:07,151.27,paid
869,104523,S104523_4,2024,2026-05-29 22:09:26,151.89,paid
870,104532,S104532_1,2011,2026-05-19 04:21:27,187.45,paid
871,104533,S104533_2,2007,2026-05-09 21:22:40,196.58,paid
872,104534,S104534_5,2009,2026-05-15 00:26:53,265.06,paid
873,104537,S104537_3,2035,2026-05-27 14:29:07,138.23,paid
874,104558,S104558_1,2012,2026-05-01 19:00:12,221.97,paid
875,104561,S104561_1,2004,2026-05-01 18:34:05,213.47,paid
876,104566,S104566_5,2010,2026-05-06 22:13:06,169.46,paid
877,104567,S104567_3,2034,2026-05-23 01:17:25,204.14,paid
878,104574,S104574_1,2007,2026-05-14 00:12:06,157.88,paid
879,104575,S104575_2,2047,2026-05-28 13:45:48,197.13,paid
880,104575,S104575_3,2012,2026-05-11 21:00:51,137.88,paid
881,104591,S104591_3,2040,2026-05-02 14:54:53,257.79,paid
882,104593,S104593_1,2020,2026-05-06 05:18:30,153.48,paid
883,104597,S104597_1,2038,2026-05-27 15:21:19,172.52,paid
884,104607,S104607_1,2008,2026-05-02 00:38:25,158.26,paid
885,104612,S104612_4,2030,2026-05-19 18:08:52,189.83,paid
886,104613,S104613_1,2032,2026-05-12 05:55:03,205.33,paid
887,104622,S104622_2,2050,2026-05-29 11:57:16,175.14,paid
888,104626,S104626_2,2016,2026-05-04 19:29:03,162.58,paid
889,104638,S104638_1,2015,2026-05-14 19:07:34,154.5,paid
890,104641,S104641_3,2010,2026-05-17 20:34:12,148.4,paid
891,104651,S104651_3,2015,2026-05-25 13:05:15,102.65,paid
892,104657,S104657_3,2028,2026-05-03 06:51:35,128.32,paid
893,104666,S104666_2,2007,2026-05-29 07:47:20,194.17,paid
894,104669,S104669_1,2021,2026-05-31 14:30:38,197.04,paid
895,104678,S104678_1,2030,2026-05-07 12:55:31,207.89,paid
896,104683,S104683_2,2006,2026-05-04 05:13:15,246.81,paid
897,104685,S104685_1,2008,2026-05-27 04:41:20,151.74,paid
898,104690,S104690_2,2016,2026-05-27 21:59:17,165.93,paid
899,104691,S104691_1,2033,2026-05-30 02:10:48,205.47,paid
900,104692,S104692_1,2039,2026-05-17 06:47:09,117.8,paid
901,104704,S104704_1,2026,2026-05-23 12:19:01,151.16,paid
902,104713,S104713_1,2029,2026-05-08 15:06:18,192.34,paid
903,104723,S104723_2,2039,2026-05-27 04:45:54,133.34,paid
904,104729,S104729_1,2006,2026-05-27 02:49:27,144.4,paid
905,104733,S104733_2,2002,2026-05-25 19:48:20,142.41,paid
906,104735,S104735_1,2018,2026-05-11 22:38:11,171.54,paid
907,104743,S104743_3,2025,2026-05-27 13:28:57,125.44,paid
908,104747,S104747_1,2014,2026-05-17 07:41:57,160.96,paid
909,104751,S104751_1,2027,2026-05-03 01:50:01,119.86,paid
910,104752,S104752_2,2003,2026-05-22 04:00:46,217.99,paid
911,104754,S104754_1,2017,2026-05-13 03:53:57,164.6,paid
912,104756,S104756_3,2026,2026-05-03 09:11:45,98.97,paid
913,104764,S104764_2,2021,2026-05-23 16:11:13,130.34,paid
914,104766,S104766_2,2006,2026-05-12 20:30:36,160.35,paid
915,104767,S104767_4,2014,2026-05-18 21:18:28,145.99,paid
916,104768,S104768_3,2018,2026-05-20 08:53:22,102.7,paid
917,104768,S104768_5,2050,2026-05-02 13:00:15,88.12,paid
918,104770,S104770_2,2036,2026-05-24 05:04:00,117.19,paid
919,104770,S104770_3,2009,2026-05-03 00:48:37,179.62,paid
920,104780,S104780_1,2017,2026-05-16 01:02:54,183.8,paid
921,104781,S104781_1,2022,2026-05-20 18:16:21,137.19,paid
922,104784,S104784_2,2025,2026-05-02 23:06:00,106.72,paid
923,104792,S104792_4,2029,2026-05-14 11:03:37,110.79,paid
924,104797,S104797_3,2019,2026-05-21 21:40:46,138.81,paid
925,104799,S104799_2,2039,2026-05-03 05:06:23,163.29,paid
926,104801,S104801_2,2045,2026-05-12 23:39:40,168.39,paid
927,104802,S104802_1,2004,2026-05-31 15:26:50,72.25,paid
928,104803,S104803_1,2035,2026-05-25 13:20:07,62.45,paid
929,104805,S104805_2,2044,2026-05-21 05:57:28,192.05,paid
930,104812,S104812_2,2023,2026-05-03 22:42:02,113.2,paid
931,104826,S104826_5,2003,2026-05-12 23:31:56,213.07,paid
932,104834,S104834_4,2046,2026-05-10 21:06:55,194.06,paid
933,104846,S104846_1,2020,2026-05-27 05:28:55,119.0,paid
934,104847,S104847_1,2035,2026-05-26 14:23:51,143.05,paid
935,104847,S104847_2,2028,2026-05-13 04:20:45,122.74,paid
936,104862,S104862_1,2044,2026-05-08 23:16:11,126.58,paid
937,104865,S104865_5,2002,2026-05-03 08:33:59,272.66,paid
938,104868,S104868_2,2043,2026-05-14 08:50:26,216.36,paid
939,104871,S104871_1,2042,2026-05-23 22:45:42,163.88,paid
940,104889,S104889_1,2029,2026-05-29 06:56:27,158.24,paid
941,104892,S104892_1,2006,2026-05-11 22:41:27,93.78,paid
942,104896,S104896_2,2037,2026-05-08 20:11:27,175.63,paid
943,104897,S104897_2,2015,2026-05-24 16:48:49,151.29,paid
944,104902,S104902_4,2021,2026-05-07 08:44:19,96.86,paid
945,104918,S104918_1,2003,2026-05-12 03:33:48,181.39,paid
946,104921,S104921_1,2010,2026-05-23 00:02:25,154.07,paid
947,104923,S104923_3,2038,2026-05-26 12:36:55,122.52,paid
948,104927,S104927_2,2015,2026-05-19 11:33:37,137.05,paid
949,104939,S104939_3,2038,2026-05-26 20:32:32,201.96,paid
950,104941,S104941_3,2033,2026-05-19 18:26:26,167.73,paid
951,104942,S104942_1,2022,2026-05-25 15:09:26,218.13,paid
952,104942,S104942_2,2025,2026-05-17 09:55:56,145.32,paid
953,104954,S104954_2,2016,2026-05-21 07:35:38,147.97,paid
954,104960,S104960_1,2037,2026-05-05 23:01:07,220.58,paid
955,104962,S104962_2,2049,2026-05-06 13:18:30,153.09,paid
956,104964,S104964_3,2032,2026-05-02 14:54:30,136.13,paid
957,104966,S104966_1,2017,2026-05-11 11:56:53,125.87,paid
958,104982,S104982_1,2006,2026-05-05 00:56:04,175.52,paid
959,104989,S104989_3,2026,2026-05-07 08:52:32,172.05,paid
960,104997,S104997_1,2009,2026-05-07 02:57:05,114.53,paid
